Property Address,Roll Number,Building Type,Sale Year,Sale Month,Sale Price,Time Adjust Sale Price
218 ALCREST DR,1001689700,OS-ONE STOREY,2017,3,"$280,000","$286,200"
238 ALCREST DR,1001689200,BL-BI-LEVEL,2017,7,"$340,850","$346,000"
245 ALCREST DR,1001676000,OS-ONE STOREY,2016,11,"$320,000","$329,300"
3626 BATCHELOR AVE,1001447000,OS-ONE STOREY,2017,11,"$435,000","$438,000"
3716 BATCHELOR AVE,1001682200,BL-BI-LEVEL,2017,7,"$500,000","$507,500"
3806 BATCHELOR AVE,1001684000,OS-ONE STOREY,2018,1,"$310,000","$311,200"
15 BLOOMER CRES,1001250400,OS-ONE STOREY,2017,7,"$569,900","$578,400"
38 BLOOMER CRES,1001256200,OS-ONE STOREY,2016,3,"$425,000","$443,700"
130 BLOOMER CRES,1001252400,TS-TWO STOREY,2017,8,"$541,000","$548,000"
150 BLOOMER CRES,1001254300,OS-ONE STOREY,2016,9,"$655,000","$676,600"
193 BLOOMER CRES,1005877400,OS-ONE STOREY,2016,3,"$430,000","$448,900"
211 BLOOMER CRES,1005871500,BL-BI-LEVEL,2017,8,"$450,000","$455,900"
211 BLOOMER CRES,1005871500,BL-BI-LEVEL,2018,3,"$480,000","$480,000"
63 BRAMBLE DR,1001920200,TS-TWO STOREY,2016,7,"$503,000","$521,600"
67 BRAMBLE DR,1001920400,OS-ONE STOREY,2017,7,"$600,000","$609,000"
74 BRAMBLE DR,1001913600,FL-4 LEVEL SPLIT,2016,8,"$444,000","$459,500"
246 CATHCART ST,1001037500,OS-ONE STOREY,2017,6,"$285,000","$289,600"
270 CATHCART ST,1001031600,BL-BI-LEVEL,2017,7,"$323,500","$328,400"
304 CATHCART ST,1001025000,OS-ONE STOREY,2017,9,"$396,555","$400,900"
308 CATHCART ST,1001024500,OS-ONE STOREY,2017,4,"$332,000","$338,600"
324 CATHCART ST,1001057200,OS-ONE STOREY,2016,8,"$385,000","$398,500"
368 CATHCART ST,1001193900,FL-4 LEVEL SPLIT,2016,7,"$395,000","$409,600"
19 COLLETT COVE,1001221500,OS-ONE STOREY,2017,8,"$667,500","$676,200"
2 DALLINGER DR,1009600140,TS-TWO STOREY,2016,9,"$533,333.30","$550,900"
23 DALLINGER DR,1009600345,OS-ONE STOREY,2016,6,"$514,823","$534,900"
23 DALLINGER DR,1009600345,OS-ONE STOREY,2017,6,"$605,000","$614,700"
220 ELMHURST RD,1000986500,OS-ONE STOREY,2016,7,"$255,000","$264,400"
289 ELMHURST RD,1000997000,OS-ONE STOREY,2017,1,"$290,000","$297,500"
299 ELMHURST RD,1000992100,OS-ONE STOREY,2016,12,"$172,500","$177,200"
299 ELMHURST RD,1000992100,OS-ONE STOREY,2018,3,"$184,900","$184,900"
300 ELMHURST RD,1000971500,OS-ONE STOREY,2016,12,"$315,000","$323,500"
360 ELMHURST RD,1001251600,OH-ONE & 1/2 STOREY,2016,8,"$260,000","$269,100"
379 ELMHURST RD,1001207900,OH-ONE & 1/2 STOREY,2017,9,"$465,000","$470,100"
431 ELMHURST RD,1001200000,OS-ONE STOREY,2016,6,"$365,000","$379,200"
436 ELMHURST RD,1005906700,OS-ONE STOREY,2016,10,"$640,000","$659,800"
446 ELMHURST RD,1005871900,OS-ONE STOREY,2017,11,"$310,000","$312,200"
450 ELMHURST RD,1005872000,OS-ONE STOREY,2016,9,"$289,900","$299,500"
3219 GRANT AVE,1001195000,OS-ONE STOREY,2016,4,"$256,000","$266,800"
3219 GRANT AVE,1001195000,OS-ONE STOREY,2017,7,"$261,000","$264,900"
3389 GRANT AVE,1001065600,OS-ONE STOREY,2017,9,"$152,000","$153,700"
3397 GRANT AVE,1001064800,TS-TWO STOREY,2016,7,"$249,000","$258,200"
3405 GRANT AVE,1001066300,TS-TWO STOREY,2017,7,"$229,900","$233,300"
3413 GRANT AVE,1001066700,OS-ONE STOREY,2016,8,"$230,000","$238,100"
223 HANEY ST,1001660400,OS-ONE STOREY,2018,2,"$182,000","$182,400"
397 HANEY ST,1005898600,OS-ONE STOREY,2017,8,"$305,000","$309,000"
251 LAXDAL RD,1001410500,OS-ONE STOREY,2017,9,"$190,000","$192,100"
257 LAXDAL RD,1001410000,OS-ONE STOREY,2017,8,"$285,000","$288,700"
270 LAXDAL RD,1001396200,OS-ONE STOREY,2017,7,"$389,900","$395,700"
279 LAXDAL RD,1001407100,OS-ONE STOREY,2016,9,"$302,500","$312,500"
328 LAXDAL RD,1001454000,OS-ONE STOREY,2017,10,"$200,000","$201,800"
363 LAXDAL RD,1001383200,OS-ONE STOREY,2017,8,"$320,000","$324,200"
384 LAXDAL RD,1009600175,TS-TWO STOREY,2016,1,"$365,000","$382,500"
397 LAXDAL RD,1001564400,OS-ONE STOREY,2016,12,"$279,750","$287,300"
410 LAXDAL RD,1001462800,OS-ONE STOREY,2016,4,"$353,000","$367,800"
221 LYNBROOK DR,1001040500,OS-ONE STOREY,2016,2,"$175,000","$183,100"
255 LYNBROOK DR,1001033500,OS-ONE STOREY,2016,6,"$244,000","$253,500"
304 LYNBROOK DR,1000995000,OS-ONE STOREY,2018,1,"$265,000","$266,100"
373 LYNBROOK DR,1001266900,BL-BI-LEVEL,2017,8,"$338,000","$342,400"
393 LYNBROOK DR,1001265400,OS-ONE STOREY,2016,9,"$320,000","$330,600"
409 LYNBROOK DR,1001264800,OS-ONE STOREY,2017,6,"$342,000","$347,500"
243 MCLEAN ST,1000977000,OS-ONE STOREY,2016,7,"$299,000","$310,100"
248 MCLEAN ST,1000951500,OS-ONE STOREY,2016,4,"$270,000","$281,300"
252 MCLEAN ST,1000951000,OS-ONE STOREY,2017,9,"$213,000","$215,300"
255 MCLEAN ST,1000975500,OS-ONE STOREY,2016,8,"$248,000","$256,700"
307 MCLEAN ST,1000964500,BL-BI-LEVEL,2017,4,"$440,000","$448,800"
3400 PARKIN AVE,1001064100,OS-ONE STOREY,2016,7,"$310,000","$321,500"
261 PRINCETON BLVD,1001438200,OS-ONE STOREY,2017,4,"$420,000","$428,400"
11 RONNANDER COVE,1001248600,TS-TWO STOREY,2017,5,"$419,500","$427,100"
35 STOCKDALE ST,1005878400,TS-TWO STOREY,2016,3,"$615,000","$642,100"
69 STOCKDALE ST,1000752500,OS-ONE STOREY,2016,10,"$295,000","$304,100"
96 STOCKDALE ST,1000732500,OS-ONE STOREY,2018,2,"$394,555","$395,300"
2 TILLBROOK PL,1009600230,OS-ONE STOREY,2016,10,"$504,761.90","$520,400"
215 VARSITY VIEW DR,1000956000,OS-ONE STOREY,2017,6,"$220,000","$223,500"
229 WEXFORD ST,1000789600,OS-ONE STOREY,2016,9,"$345,000","$356,400"
232 WEXFORD ST,1000777100,FL-4 LEVEL SPLIT,2016,6,"$319,900","$332,400"
240 WEXFORD ST,1000777700,BL-BI-LEVEL,2016,1,"$316,000","$331,200"
256 WEXFORD ST,1000647300,OS-ONE STOREY,2017,6,"$280,000","$284,500"
18 ADDINGTON BAY,1002364800,OS-ONE STOREY,2017,12,"$360,000","$361,800"
63 ADDINGTON BAY,1002362700,OS-ONE STOREY,2016,5,"$390,000","$405,600"
66 BLOSSOM BAY,1002205400,TS-TWO STOREY,2017,5,"$417,600","$425,100"
70 BLOSSOM BAY,1002205600,TS-TWO STOREY,2016,7,"$410,900","$426,100"
94 BLOSSOM BAY,1002207200,OS-ONE STOREY,2016,8,"$346,000","$358,100"
549 BUCKINGHAM RD,1002695500,OS-ONE STOREY,2017,11,"$327,500","$329,800"
579 BUCKINGHAM RD,1002698500,OS-ONE STOREY,2016,8,"$350,000","$362,300"
655 BUCKINGHAM RD,1002744500,TL-3 LEVEL SPLIT,2017,4,"$361,655","$368,900"
665 BUCKINGHAM RD,1002745000,OS-ONE STOREY,2017,10,"$385,000","$388,500"
751 BUCKINGHAM RD,1002754500,OS-ONE STOREY,2016,8,"$425,000","$439,900"
783 BUCKINGHAM RD,1002758000,OS-ONE STOREY,2016,1,"$395,000","$414,000"
784 BUCKINGHAM RD,1002734500,FL-4 LEVEL SPLIT,2016,11,"$310,000","$319,000"
795 BUCKINGHAM RD,1002760000,OS-ONE STOREY,2017,5,"$315,000","$320,700"
832 BUCKINGHAM RD,1005903800,TS-TWO STOREY,2016,5,"$420,400","$437,200"
509 COVENTRY RD,1002614500,OS-ONE STOREY,2017,12,"$335,000","$336,700"
606 COVENTRY RD,1002642000,OS-ONE STOREY,2017,5,"$320,000","$325,800"
680 COVENTRY RD,1002649000,OS-ONE STOREY,2016,8,"$280,000","$289,800"
700 COVENTRY RD,1002650000,OS-ONE STOREY,2016,7,"$320,000","$331,800"
752 COVENTRY RD,1002655000,OS-ONE STOREY,2017,7,"$230,000","$233,500"
771 COVENTRY RD,1002679200,OS-ONE STOREY,2018,3,"$474,700","$474,700"
819 COVENTRY RD,1005892000,OS-ONE STOREY,2016,9,"$385,000","$397,700"
70 DEERPARK DR,1002242400,TO-TWO/ONE STOREY,2017,6,"$490,000","$497,800"
521 DIEPPE RD,1003031000,OS-ONE STOREY,2017,12,"$276,100","$277,500"
606 DIEPPE RD,1005898200,OS-ONE STOREY,2016,7,"$317,000","$328,700"
4116 ELDRIDGE AVE,1002377100,OS-ONE STOREY,2017,11,"$430,000","$433,000"
4283 ELDRIDGE AVE,1002303000,OS-ONE STOREY,2016,9,"$367,000","$379,100"
4917 ELDRIDGE AVE,1003072500,OS-ONE STOREY,2016,8,"$343,000","$355,000"
522 FAIRMONT RD,1002468900,OS-ONE STOREY,2017,10,"$185,000","$186,700"
551 FAIRMONT RD,1002474100,OS-ONE STOREY,2017,9,"$630,000","$636,900"
559 FAIRMONT RD,1002473500,OS-ONE STOREY,2017,7,"$380,000","$385,700"
560 FAIRMONT RD,1002462000,OS-ONE STOREY,2016,9,"$369,900","$382,100"
563 FAIRMONT RD,1002472000,TO-TWO/ONE STOREY,2017,8,"$340,000","$344,400"
595 FAIRMONT RD,1002458700,OH-ONE & 1/2 STOREY,2017,12,"$208,000","$209,000"
599 FAIRMONT RD,1002458500,OS-ONE STOREY,2017,3,"$252,500","$258,100"
603 FAIRMONT RD,1002458000,OS-ONE STOREY,2016,7,"$240,000","$248,900"
604 FAIRMONT RD,1002450700,BL-BI-LEVEL,2016,9,"$439,900","$454,400"
628 FAIRMONT RD,1005891700,OS-ONE STOREY,2016,2,"$662,500","$693,000"
641 FAIRMONT RD,1002455000,OS-ONE STOREY,2017,10,"$314,900","$317,700"
666 FAIRMONT RD,1002445000,OS-ONE STOREY,2016,4,"$337,000","$351,200"
668 FAIRMONT RD,1002445300,OS-ONE STOREY,2017,7,"$337,900","$343,000"
681 FAIRMONT RD,1002444000,OS-ONE STOREY,2018,3,"$222,000","$222,000"
699 FAIRMONT RD,1002442600,OS-ONE STOREY,2016,5,"$289,900","$301,500"
751 FAIRMONT RD,1002438100,BL-BI-LEVEL,2017,11,"$327,500","$329,800"
752 FAIRMONT RD,1002429000,OS-ONE STOREY,2016,9,"$335,000","$346,100"
791 FAIRMONT RD,1002422500,OH-ONE & 1/2 STOREY,2016,11,"$300,000","$308,700"
810 FAIRMONT RD,1002412700,OS-ONE STOREY,2016,10,"$436,000","$449,500"
4400 GRANT AVE,1002468500,OS-ONE STOREY,2016,8,"$262,500","$271,700"
841 HARSTONE RD,1009600035,BL-BI-LEVEL,2017,8,"$293,900","$297,700"
655 HILTON ST,1002135200,OS-ONE STOREY,2016,5,"$380,000","$395,200"
30 MCDOWELL DR,1002372800,OS-ONE STOREY,2016,4,"$403,000","$419,900"
71 MCDOWELL DR,1005884000,TS-TWO STOREY,2016,6,"$925,000","$961,100"
139 MCDOWELL DR,1002228100,OS-ONE STOREY,2017,8,"$502,000","$508,500"
163 MCDOWELL DR,1002368700,OS-ONE STOREY,2016,8,"$454,500","$470,400"
644 OAKDALE DR,1002299600,TS-TWO STOREY,2016,5,"$534,900","$556,300"
668 OAKDALE DR,1002301000,BL-BI-LEVEL,2017,9,"$260,000","$262,900"
712 OAKDALE DR,1002267400,TS-TWO STOREY,2017,4,"$357,000","$364,100"
730 OAKDALE DR,1002275000,TS-TWO STOREY,2017,3,"$357,000","$364,900"
737 OAKDALE DR,1002164400,OS-ONE STOREY,2016,5,"$290,325","$301,900"
762 OAKDALE DR,1002236500,OS-ONE STOREY,2017,2,"$430,000","$440,300"
846 OAKDALE DR,1002216400,TO-TWO/ONE STOREY,2016,7,"$416,000","$431,400"
11 POLARIS AVE,1005881900,OS-ONE STOREY,2017,1,"$472,500","$484,800"
4347 RIDGEWOOD AVE,1002690800,OS-ONE STOREY,2017,12,"$396,900","$398,900"
4626 ROBLIN BLVD,1002691500,TS-TWO STOREY,2017,7,"$475,000","$482,100"
4630 ROBLIN BLVD,1002692000,TS-TWO STOREY,2017,1,"$390,000","$400,100"
19 WESTLUND WAY,1002161600,OS-ONE STOREY,2017,7,"$350,199","$355,500"
18 BARNSTAPLE COVE,1002553200,TS-TWO STOREY,2017,7,"$440,000","$446,600"
50 BARNSTAPLE COVE,1002555000,TS-TWO STOREY,2016,1,"$448,000","$469,500"
4406 BATCHELOR AVE,1002530900,OS-ONE STOREY,2016,10,"$340,000","$350,500"
243 FAIRMONT RD,1005893600,OS-ONE STOREY,2016,1,"$421,000","$441,200"
266 FAIRMONT RD,1005904700,TS-TWO STOREY,2017,2,"$570,000","$583,700"
4411 GRANT AVE,1002556500,OS-ONE STOREY,2016,7,"$190,000","$197,000"
217 MARLTON CRES,1002339000,OS-ONE STOREY,2016,5,"$350,000","$364,000"
308 MARLTON CRES,1002548600,OH-ONE & 1/2 STOREY,2017,10,"$405,000","$408,600"
324 MARLTON CRES,1002518000,OS-ONE STOREY,2016,12,"$390,000","$400,500"
396 MARLTON CRES,1002524300,OS-ONE STOREY,2017,7,"$295,396","$299,800"
423 MARLTON CRES,1002495100,OS-ONE STOREY,2017,11,"$452,000","$455,200"
232 OAKDALE DR,1002329000,OS-ONE STOREY,2017,11,"$239,900","$241,600"
258 OAKDALE DR,1002304300,OH-ONE & 1/2 STOREY,2017,11,"$290,000","$292,000"
274 OAKDALE DR,1002306500,OS-ONE STOREY,2017,3,"$275,000","$281,100"
333 OAKDALE DR,1002073200,TS-TWO STOREY,2016,3,"$542,500","$566,400"
413 OAKDALE DR,1002082000,TS-TWO STOREY,2018,2,"$644,000","$645,300"
4468 ROBLIN BLVD,1002551100,OS-ONE STOREY,2017,9,"$267,500","$270,400"
32 BISHOP'S LANE,1002055000,TO-TWO/ONE STOREY,2016,8,"$651,000","$673,800"
50 BISHOP'S LANE,1002056500,TS-TWO STOREY,2017,12,"$538,000","$540,700"
16 FAIRWAY PL,1002772500,FL-4 LEVEL SPLIT,2016,10,"$550,000","$567,100"
11 GREAT ELM COVE,1003366900,TS-TWO STOREY,2018,3,"$600,000","$600,000"
66 JAYMORR DR,1002601000,TS-TWO STOREY,2017,11,"$515,000","$518,600"
220 RIDGEDALE CRES,1002596100,TS-TWO STOREY,2018,1,"$367,000","$368,500"
4597 ROBLIN BLVD,1002568000,TO-TWO/ONE STOREY,2017,2,"$452,925","$463,800"
4819 ROBLIN BLVD,1003060400,OS-ONE STOREY,2017,9,"$310,000","$313,400"
45 WILLIAM MARSHALL WAY,1003365500,TS-TWO STOREY,2017,4,"$710,000","$724,200"
46 WILLIAM MARSHALL WAY,1003351700,TS-TWO STOREY,2018,2,"$680,000","$681,400"
87 WILLIAM MARSHALL WAY,1003364100,TS-TWO STOREY,2016,8,"$738,000","$763,800"
7 BARKER BLVD,1005553800,OS-ONE STOREY,2017,2,"$284,500","$291,300"
62 BARKER BLVD,1005559800,TS-TWO STOREY,2016,7,"$450,000","$466,700"
74 BARKER BLVD,1005558900,OS-ONE STOREY,2016,10,"$410,000","$422,700"
78 BARKER BLVD,1005558600,FL-4 LEVEL SPLIT,2017,5,"$415,000","$422,500"
175 BARKER BLVD,1005630900,OS-ONE STOREY,2016,7,"$434,900","$451,000"
200 BARKER BLVD,1005607000,FL-4 LEVEL SPLIT,2016,7,"$399,900","$414,700"
215 BARKER BLVD,1005634700,TS-TWO STOREY,2017,7,"$460,000","$466,900"
238 BARKER BLVD,1005609700,TS-TWO STOREY,2017,11,"$410,000","$412,900"
242 BARKER BLVD,1005610000,TS-TWO STOREY,2018,3,"$400,000","$400,000"
243 BARKER BLVD,1005636800,FL-4 LEVEL SPLIT,2017,7,"$345,000","$350,200"
259 BARKER BLVD,1005638100,TS-TWO STOREY,2017,7,"$395,000","$400,900"
349 BARKER BLVD,1005693800,TS-TWO STOREY,2016,7,"$243,000","$252,000"
349 BARKER BLVD,1005693800,TS-TWO STOREY,2017,7,"$255,349","$259,200"
350 BARKER BLVD,1005686900,OS-ONE STOREY,2018,1,"$205,000","$205,800"
373 BARKER BLVD,1005695800,TS-TWO STOREY,2017,9,"$235,000","$237,600"
414 BARKER BLVD,1005563400,BL-BI-LEVEL,2017,8,"$327,500","$331,800"
435 BARKER BLVD,1005580500,OS-ONE STOREY,2016,7,"$298,000","$309,000"
438 BARKER BLVD,1005561600,OS-ONE STOREY,2016,8,"$295,000","$305,300"
3 JEWETT BAY,1005614800,TS-TWO STOREY,2017,10,"$415,000","$418,700"
51 JEWETT BAY,1005618400,TS-TWO STOREY,2016,9,"$363,500","$375,500"
94 MORTON BAY,1005571800,BL-BI-LEVEL,2016,8,"$306,500","$317,200"
42 MUSGROVE ST,1005670600,FL-4 LEVEL SPLIT,2017,9,"$555,000","$561,100"
54 MUSGROVE ST,1005669700,TS-TWO STOREY,2016,2,"$385,000","$402,700"
62 MUSGROVE ST,1005669400,TS-TWO STOREY,2017,4,"$425,500","$434,000"
71 MUSGROVE ST,1005667300,OS-ONE STOREY,2016,12,"$350,000","$359,500"
71 MUSGROVE ST,1005667300,OS-ONE STOREY,2017,11,"$580,000","$584,100"
71 SHIER DR,1005653000,TS-TWO STOREY,2016,11,"$745,000","$766,600"
24 SINNOTT ST,1005598800,TS-TWO STOREY,2017,9,"$462,000","$467,100"
27 SINNOTT ST,1005589300,OS-ONE STOREY,2016,8,"$320,000","$331,200"
27 SINNOTT ST,1005589300,OS-ONE STOREY,2017,8,"$347,500","$352,000"
50 SINNOTT ST,1005604900,TS-TWO STOREY,2016,1,"$402,000","$421,300"
50 SINNOTT ST,1005604900,TS-TWO STOREY,2016,8,"$439,900","$455,300"
67 WATERHOUSE BAY,1005626100,TS-TWO STOREY,2017,7,"$405,000","$411,100"
22 BOWHILL LANE,1003443000,OS-ONE STOREY,2017,5,"$250,000","$254,500"
8 DUNELM LANE,1003452500,OH-ONE & 1/2 STOREY,2016,4,"$299,900","$312,500"
531 GREENBRIER AVE,1003432500,OS-ONE STOREY,2017,9,"$330,000","$333,600"
556 GREENBRIER AVE,1003426900,FL-4 LEVEL SPLIT,2017,8,"$415,000","$420,400"
590 HARSTONE RD,1003460100,OS-ONE STOREY,2016,5,"$415,000","$431,600"
680 HARSTONE RD,1003469200,OS-ONE STOREY,2017,4,"$343,280","$350,100"
718 HARSTONE RD,1003415800,OS-ONE STOREY,2016,9,"$368,500","$380,700"
806 HARSTONE RD,1005882800,OS-ONE STOREY,2017,8,"$501,806","$508,300"
27 MIRAMAR RD,1005900700,OS-ONE STOREY,2016,8,"$730,000","$755,600"
106 MIRAMAR RD,1003394200,OS-ONE STOREY,2016,8,"$340,000","$351,900"
107 MIRAMAR RD,1003404000,OS-ONE STOREY,2017,1,"$375,000","$384,800"
526 PEPPERLOAF CRES,1005894800,OH-ONE & 1/2 STOREY,2016,6,"$295,000","$306,500"
565 PEPPERLOAF CRES,1003461600,OS-ONE STOREY,2016,9,"$400,000","$413,200"
704 PEPPERLOAF CRES,1003418100,OS-ONE STOREY,2017,6,"$450,000","$457,200"
740 PEPPERLOAF CRES,1003390100,OS-ONE STOREY,2016,7,"$269,900","$279,900"
765 PEPPERLOAF CRES,1003391600,OS-ONE STOREY,2018,3,"$450,000","$450,000"
5215 RANNOCK AVE,1009600265,OS-ONE STOREY,2016,1,"$675,000","$707,400"
5344 RANNOCK AVE,1003384600,OS-ONE STOREY,2017,10,"$340,000","$343,100"
5413 RANNOCK AVE,1009600255,OS-ONE STOREY,2016,5,"$587,000","$610,500"
143 ROBINDALE RD,1009600085,OS-ONE STOREY,2016,6,"$359,500","$373,500"
152 ROBINDALE RD,1003445900,OS-ONE STOREY,2018,3,"$309,700","$309,700"
161 ROBINDALE RD,1003421700,FL-4 LEVEL SPLIT,2017,7,"$410,000","$416,200"
221 ROBINDALE RD,1003419000,OS-ONE STOREY,2017,7,"$319,000","$323,800"
232 ROBINDALE RD,1003448000,OS-ONE STOREY,2017,6,"$278,000","$282,400"
31 SANCTUARY RD,1003477400,OS-ONE STOREY,2017,10,"$475,000","$479,300"
35 SANCTUARY RD,1003477600,TS-TWO STOREY,2016,9,"$525,000","$542,300"
83 SCOTSWOOD DR,1003588300,OS-ONE STOREY,2016,2,"$205,000","$214,400"
83 SCOTSWOOD DR,1003588300,OS-ONE STOREY,2016,5,"$324,900","$337,900"
398 BERKLEY ST,1004269400,OS-ONE STOREY,2016,11,"$300,000","$308,700"
47 ELMVALE CRES,1004010000,OS-ONE STOREY,2016,8,"$490,000","$507,200"
55 ELMVALE CRES,1004010600,TS-TWO STOREY,2017,3,"$515,000","$526,300"
59 ELMVALE CRES,1004010900,TO-TWO/ONE STOREY,2016,8,"$530,000","$548,600"
30 KINKORA DR,1004175300,OS-ONE STOREY,2016,10,"$395,000","$407,200"
18 MCCALLUM CRES,1004007200,OS-ONE STOREY,2016,11,"$415,000","$427,000"
18 PARADISE BAY,1004656400,OS-ONE STOREY,2016,6,"$538,000","$559,000"
30 PARADISE BAY,1004657100,OS-ONE STOREY,2017,11,"$530,000","$533,700"
5721 ROBLIN BLVD,1005869300,BL-BI-LEVEL,2017,1,"$350,000","$359,100"
6115 ROBLIN BLVD,1004314500,TS-TWO STOREY,2017,9,"$294,000","$297,200"
9 SANDY COVE,1004016000,FL-4 LEVEL SPLIT,2017,9,"$420,000","$424,600"
27 SHELMERDINE DR,1003637700,TS-TWO STOREY,2018,1,"$360,000","$361,400"
6021 SOUTHBOINE DR,1004121000,OS-ONE STOREY,2016,11,"$425,000","$437,300"
6021 SOUTHBOINE DR,1004121000,OS-ONE STOREY,2017,7,"$545,000","$553,200"
6303 SOUTHBOINE DR,1004408300,TS-TWO STOREY,2017,9,"$735,000","$743,100"
9 WILLOW RIDGE RD,1004685000,OS-ONE STOREY,2016,11,"$345,000","$355,000"
15 WILLOW RIDGE RD,1004686000,OS-ONE STOREY,2017,8,"$515,015","$521,700"
139 HENDON AVE,1000589400,OS-ONE STOREY,2017,10,"$254,900","$257,200"
153 HENDON AVE,1000587900,OS-ONE STOREY,2017,9,"$265,000","$267,900"
157 HENDON AVE,1000587600,BL-BI-LEVEL,2017,5,"$206,000","$209,700"
181 HENDON AVE,1000585200,BL-BI-LEVEL,2016,12,"$186,500","$191,500"
35 KINGSHEAD CLOSE,1000581600,BL-BI-LEVEL,2016,1,"$350,000","$366,800"
35 MONARCH MEWS,1000566000,BL-BI-LEVEL,2016,7,"$374,900","$388,800"
38 MONARCH MEWS,1000565100,TS-TWO STOREY,2016,7,"$545,500","$565,700"
150 PRINCETON BLVD,1001422200,TS-TWO STOREY,2017,5,"$235,000","$239,200"
150 PRINCETON BLVD,1001422200,TS-TWO STOREY,2017,11,"$370,000","$372,600"
67 ROYALGATE RD,1000578300,TL-3 LEVEL SPLIT,2016,10,"$301,500","$310,800"
79 ROYALGATE RD,1000577400,TS-TWO STOREY,2016,12,"$415,000","$426,200"
3095 VIALOUX DR,1000631200,OS-ONE STOREY,2016,5,"$625,000","$650,000"
3179 VIALOUX DR,1000560000,TS-TWO STOREY,2016,6,"$850,000","$883,200"
3198 VIALOUX DR,1000575600,TO-TWO/ONE STOREY,2017,6,"$420,000","$426,700"
3527 VIALOUX DR,1001360800,TS-TWO STOREY,2016,9,"$525,000","$542,300"
3793 VIALOUX DR,1001640900,OS-ONE STOREY,2017,8,"$341,000","$345,400"
100 WEXFORD ST,1000802700,OS-ONE STOREY,2016,10,"$180,000","$185,600"
100 WEXFORD ST,1000802700,OS-ONE STOREY,2017,8,"$203,000","$205,600"
116 WEXFORD ST,1000800500,OH-ONE & 1/2 STOREY,2016,1,"$245,000","$256,800"
133 WEXFORD ST,1000812400,OS-ONE STOREY,2017,10,"$355,000","$358,200"
147 WEXFORD ST,1009600005,TS-TWO STOREY,2016,8,"$627,000","$648,900"
166 WEXFORD ST,1009600060,OH-ONE & 1/2 STOREY,2017,12,"$340,000","$341,700"
15 ACORN PL,1005114000,BL-BI-LEVEL,2016,6,"$215,000","$223,400"
41 ACORN PL,1005110100,TS-TWO STOREY,2016,8,"$241,250","$249,700"
51 ACORN PL,1005108600,OS-ONE STOREY,2016,9,"$203,500","$210,200"
55 ACORN PL,1005108000,OS-ONE STOREY,2017,7,"$170,000","$172,600"
15 ALDER BAY,1005086200,OS-ONE STOREY,2016,8,"$300,000","$310,500"
23 ALDER BAY,1005086800,OS-ONE STOREY,2017,6,"$325,000","$330,200"
55 ALDER BAY,1005089100,OS-ONE STOREY,2017,6,"$280,000","$284,500"
14 ATKINSON RD,1004733200,OS-ONE STOREY,2017,6,"$313,000","$318,000"
38 ATKINSON RD,1004731800,BL-BI-LEVEL,2017,12,"$260,000","$261,300"
43 ATKINSON RD,1004735500,OS-ONE STOREY,2016,11,"$280,000","$288,100"
55 ATKINSON RD,1004734700,BL-BI-LEVEL,2016,1,"$246,900","$258,800"
63 ATKINSON RD,1004734300,OS-ONE STOREY,2016,9,"$275,000","$284,100"
18 BERGMAN CRES,1004743400,OS-ONE STOREY,2017,8,"$320,000","$324,200"
42 BERGMAN CRES,1004741700,OS-ONE STOREY,2016,7,"$287,000","$297,600"
51 BERGMAN CRES,1004738000,OS-ONE STOREY,2016,6,"$239,900","$249,300"
66 BERGMAN CRES,1004740100,OS-ONE STOREY,2017,11,"$317,500","$319,700"
88 BERGMAN CRES,1004813600,OS-ONE STOREY,2017,9,"$240,000","$242,600"
104 BERGMAN CRES,1004815600,OS-ONE STOREY,2017,12,"$226,000","$227,100"
6611 BETSWORTH AVE,1005189000,OS-ONE STOREY,2016,2,"$290,000","$303,300"
6631 BETSWORTH AVE,1005191000,OS-ONE STOREY,2017,7,"$270,000","$274,100"
6661 BETSWORTH AVE,1005194000,OS-ONE STOREY,2016,1,"$270,000","$283,000"
6709 BETSWORTH AVE,1005151800,OS-ONE STOREY,2016,5,"$227,000","$236,100"
6727 BETSWORTH AVE,1005150900,BL-BI-LEVEL,2018,1,"$192,500","$193,300"
6731 BETSWORTH AVE,1005150800,OS-ONE STOREY,2016,5,"$170,000","$176,800"
6761 BETSWORTH AVE,1005149800,OS-ONE STOREY,2017,2,"$195,000","$199,700"
6767 BETSWORTH AVE,1005149600,OS-ONE STOREY,2017,12,"$210,000","$211,100"
6775 BETSWORTH AVE,1005149300,OS-ONE STOREY,2016,8,"$216,500","$224,100"
26 BRAEWOOD PL,1004937300,TS-TWO STOREY,2017,9,"$237,000","$239,600"
7 BRIARBROOK BAY,1004701200,TS-TWO STOREY,2016,5,"$209,000","$217,400"
8 BRIARBROOK BAY,1004699600,TS-TWO STOREY,2017,7,"$215,000","$218,200"
9 BRIARBROOK BAY,1004701100,TS-TWO STOREY,2017,9,"$194,000","$196,100"
1 BROWNELL BAY,1005262900,OS-ONE STOREY,2016,8,"$209,000","$216,300"
21 BROWNELL BAY,1005258500,BL-BI-LEVEL,2016,4,"$195,000","$203,200"
30 BROWNELL BAY,1005357300,TS-TWO STOREY,2016,10,"$218,000","$224,800"
53 BROWNELL BAY,1005250000,TS-TWO STOREY,2017,3,"$207,500","$212,100"
66 BROWNELL BAY,1005355000,TS-TWO STOREY,2016,10,"$226,000","$233,000"
70 BROWNELL BAY,1005354400,TS-TWO STOREY,2016,7,"$219,900","$228,000"
87 BROWNELL BAY,1005242000,TS-TWO STOREY,2017,9,"$252,000","$254,800"
2 CHILTERN PL,1005081600,OS-ONE STOREY,2017,7,"$280,000","$284,200"
11 CHILTERN PL,1005084300,BL-BI-LEVEL,2017,11,"$305,000","$307,100"
15 COLLINGHAM BAY,1005416800,BL-BI-LEVEL,2016,1,"$265,000","$277,700"
47 COLLINGHAM BAY,1005414300,OS-ONE STOREY,2018,3,"$306,000","$306,000"
59 COLLINGHAM BAY,1005413400,OS-ONE STOREY,2016,7,"$293,000","$303,800"
7 CULLEN DR,1005017300,OS-ONE STOREY,2017,9,"$314,500","$318,000"
15 CULLEN DR,1005016900,OS-ONE STOREY,2016,6,"$312,500","$324,700"
34 CULLEN DR,1005019300,OS-ONE STOREY,2017,6,"$300,034","$304,800"
93 CULLEN DR,1005372000,TS-TWO STOREY,2017,12,"$289,600","$291,000"
101 CULLEN DR,1005371500,BL-BI-LEVEL,2017,9,"$242,900","$245,600"
163 CULLEN DR,1004779000,OS-ONE STOREY,2017,11,"$300,000","$302,100"
171 CULLEN DR,1004780000,OS-ONE STOREY,2017,6,"$323,500","$328,700"
175 CULLEN DR,1004780500,TL-3 LEVEL SPLIT,2017,10,"$300,000","$302,700"
179 CULLEN DR,1004781000,BL-BI-LEVEL,2017,4,"$311,415","$317,600"
186 CULLEN DR,1004761000,OS-ONE STOREY,2017,8,"$332,500","$336,800"
203 CULLEN DR,1004784000,TL-3 LEVEL SPLIT,2016,11,"$290,000","$298,400"
226 CULLEN DR,1004915500,OS-ONE STOREY,2017,8,"$222,900","$225,800"
230 CULLEN DR,1004915800,BL-BI-LEVEL,2016,7,"$218,000","$226,100"
238 CULLEN DR,1004916400,OS-ONE STOREY,2016,4,"$213,000","$221,900"
243 CULLEN DR,1004729400,BL-BI-LEVEL,2017,8,"$280,000","$283,600"
256 CULLEN DR,1004917800,BL-BI-LEVEL,2017,7,"$226,000","$229,400"
279 CULLEN DR,1004726700,BL-BI-LEVEL,2016,10,"$290,100","$299,100"
283 CULLEN DR,1004726400,OS-ONE STOREY,2016,12,"$285,000","$292,700"
687 DALE BLVD,1005058900,OS-ONE STOREY,2017,11,"$260,000","$261,800"
736 DALE BLVD,1005094300,OS-ONE STOREY,2016,6,"$263,000","$273,300"
748 DALE BLVD,1005093400,OS-ONE STOREY,2016,8,"$279,900","$289,700"
777 DALE BLVD,1005148000,OS-ONE STOREY,2017,11,"$222,500","$224,100"
797 DALE BLVD,1005155200,FL-4 LEVEL SPLIT,2017,3,"$238,000","$243,200"
855 DALE BLVD,1005425200,OS-ONE STOREY,2017,6,"$275,000","$279,400"
886 DALE BLVD,1004922100,BL-BI-LEVEL,2017,3,"$334,000","$341,300"
906 DALE BLVD,1004920600,OS-ONE STOREY,2017,7,"$280,000","$284,200"
915 DALE BLVD,1004923600,OS-ONE STOREY,2016,9,"$292,000","$301,600"
45 DELLWOOD CRES,1005102600,TS-TWO STOREY,2017,1,"$227,000","$232,900"
71 DELLWOOD CRES,1005104000,TS-TWO STOREY,2016,10,"$215,500","$222,200"
84 DELLWOOD CRES,1005098400,TS-TWO STOREY,2016,4,"$217,500","$226,600"
107 DELLWOOD CRES,1005105700,TS-TWO STOREY,2017,9,"$190,000","$192,100"
29 EAGER CRES,1005374700,OS-ONE STOREY,2017,5,"$257,000","$261,600"
5 EVENWOOD CRES,1005154400,TS-TWO STOREY,2016,8,"$219,900","$227,600"
5 EVENWOOD CRES,1005154400,TS-TWO STOREY,2017,7,"$240,000","$243,600"
15 EVENWOOD CRES,1005445500,OS-ONE STOREY,2018,2,"$235,000","$235,500"
20 EVENWOOD CRES,1005146100,OS-ONE STOREY,2016,9,"$230,000","$237,600"
40 EVENWOOD CRES,1005145000,OS-ONE STOREY,2016,11,"$192,000","$197,600"
46 EVENWOOD CRES,1005144700,OS-ONE STOREY,2016,9,"$233,000","$240,700"
8 FARNLEY PL,1004907200,BL-BI-LEVEL,2016,10,"$292,000","$301,100"
12 FARNLEY PL,1004906600,TL-3 LEVEL SPLIT,2017,8,"$370,000","$374,800"
14 FARNLEY PL,1004906300,OS-ONE STOREY,2017,6,"$330,000","$335,300"
16 FARNLEY PL,1004906000,OS-ONE STOREY,2016,6,"$312,000","$324,200"
34 FITZGERALD CRES,1004773000,OS-ONE STOREY,2016,4,"$274,900","$286,400"
50 FITZGERALD CRES,1004771000,OS-ONE STOREY,2016,8,"$300,000","$310,500"
16 FOXBERRY BAY,1005133200,TS-TWO STOREY,2017,11,"$232,300","$233,900"
43 FOXBERRY BAY,1005127500,OS-ONE STOREY,2017,8,"$215,000","$217,800"
55 FOXBERRY BAY,1005126600,OS-ONE STOREY,2016,7,"$225,000","$233,300"
59 FOXBERRY BAY,1005126400,OS-ONE STOREY,2017,7,"$220,000","$223,300"
11 HAMMOND RD,1005236000,OS-ONE STOREY,2017,1,"$273,000","$280,100"
22 HAMMOND RD,1005330000,TS-TWO STOREY,2016,10,"$358,000","$369,100"
30 HAMMOND RD,1005332000,OS-ONE STOREY,2016,6,"$294,000","$305,500"
38 HAMMOND RD,1005334000,OS-ONE STOREY,2016,7,"$305,600","$316,900"
91 HAMMOND RD,1005216000,BL-BI-LEVEL,2017,5,"$285,000","$290,100"
92 HAMMOND RD,1005343000,OS-ONE STOREY,2016,10,"$275,500","$284,000"
198 HAMMOND RD,1005059700,OS-ONE STOREY,2016,3,"$263,000","$274,600"
216 HAMMOND RD,1005060600,BL-BI-LEVEL,2016,10,"$209,000","$215,500"
225 HAMMOND RD,1005057700,OS-ONE STOREY,2017,7,"$300,000","$304,500"
232 HAMMOND RD,1005061800,OS-ONE STOREY,2016,11,"$253,000","$260,300"
23 HARWOOD CRES,1005439500,TS-TWO STOREY,2016,2,"$227,000","$237,400"
40 HARWOOD CRES,1005427500,OS-ONE STOREY,2016,7,"$201,500","$209,000"
45 HARWOOD CRES,1005438200,TS-TWO STOREY,2017,6,"$243,500","$247,400"
47 HARWOOD CRES,1005438000,TS-TWO STOREY,2018,1,"$210,000","$210,800"
63 HARWOOD CRES,1005437100,TS-TWO STOREY,2016,6,"$215,000","$223,400"
69 HARWOOD CRES,1005436800,TS-TWO STOREY,2017,3,"$217,500","$222,300"
86 HARWOOD CRES,1004896200,OS-ONE STOREY,2016,8,"$218,000","$225,600"
102 HARWOOD CRES,1004895000,BL-BI-LEVEL,2017,9,"$220,000","$222,400"
118 HARWOOD CRES,1004893800,TL-3 LEVEL SPLIT,2018,3,"$215,900","$215,900"
55 KERSEY BAY,1005033100,OS-ONE STOREY,2016,10,"$267,500","$275,800"
2 KETTERING ST,1004908500,OS-ONE STOREY,2017,7,"$190,000","$192,900"
7 KETTERING ST,1004914600,BL-BI-LEVEL,2016,7,"$215,000","$223,000"
15 KETTERING ST,1004914200,OS-ONE STOREY,2018,1,"$187,000","$187,700"
17 KETTERING ST,1004914000,OS-ONE STOREY,2017,6,"$229,900","$233,600"
42 KETTERING ST,1004911500,TL-3 LEVEL SPLIT,2016,11,"$241,350","$248,300"
11 LAVENHAM CRES,1005034200,TS-TWO STOREY,2017,2,"$183,000","$187,400"
29 LAVENHAM CRES,1005035000,TS-TWO STOREY,2016,6,"$205,000","$213,000"
41 LAVENHAM CRES,1005035600,TS-TWO STOREY,2017,11,"$206,500","$207,900"
11 LISMER CRES,1004811000,OS-ONE STOREY,2016,12,"$295,000","$303,000"
22 LISMER CRES,1004776500,BL-BI-LEVEL,2017,6,"$337,000","$342,400"
67 LISMER CRES,1004804000,OS-ONE STOREY,2016,6,"$291,000","$302,300"
74 LISMER CRES,1004793500,TS-TWO STOREY,2016,6,"$285,000","$296,100"
79 LISMER CRES,1004802500,OS-ONE STOREY,2016,7,"$285,000","$295,500"
95 LISMER CRES,1004800500,OS-ONE STOREY,2017,7,"$286,000","$290,300"
118 LISMER CRES,1004768000,OS-ONE STOREY,2017,8,"$320,000","$324,200"
23 O'BRIEN CRES,1005322000,TS-TWO STOREY,2017,9,"$397,000","$401,400"
14 PEEL CRES,1005369700,BL-BI-LEVEL,2017,10,"$270,000","$272,400"
6571 RANNOCK AVE,1004766500,OS-ONE STOREY,2016,8,"$263,250","$272,500"
18 SANDHAM CRES,1005293000,OS-ONE STOREY,2018,3,"$360,000","$360,000"
82 SANDHAM CRES,1005277000,OS-ONE STOREY,2017,12,"$320,000","$321,600"
107 SHEPTON BAY,1004884900,TL-3 LEVEL SPLIT,2016,3,"$308,000","$321,600"
118 SHEPTON BAY,1004876700,BL-BI-LEVEL,2017,12,"$367,900","$369,700"
14 WESTFIELD DR,1004697200,TS-TWO STOREY,2017,6,"$214,900","$218,300"
101 WESTGROVE WAY,1004715300,TS-TWO STOREY,2016,8,"$164,100","$169,800"
115 WESTGROVE WAY,1004713800,TS-TWO STOREY,2017,12,"$203,000","$204,000"
136 WESTGROVE WAY,1004722200,TS-TWO STOREY,2016,4,"$168,000","$175,100"
143 WESTGROVE WAY,1004710900,TS-TWO STOREY,2016,10,"$160,000","$165,000"
146 WESTGROVE WAY,1004721100,TS-TWO STOREY,2018,3,"$183,500","$183,500"
153 WESTGROVE WAY,1004709900,TS-TWO STOREY,2016,3,"$173,000","$180,600"
154 WESTGROVE WAY,1004720300,TS-TWO STOREY,2016,2,"$155,000","$162,100"
162 WESTGROVE WAY,1004719500,TS-TWO STOREY,2016,7,"$150,000","$155,600"
163 WESTGROVE WAY,1004708800,TS-TWO STOREY,2017,12,"$167,500","$168,300"
166 WESTGROVE WAY,1004719100,TS-TWO STOREY,2016,2,"$154,000","$161,100"
174 WESTGROVE WAY,1004718200,TS-TWO STOREY,2017,6,"$135,000","$137,200"
178 WESTGROVE WAY,1004717800,TS-TWO STOREY,2017,11,"$161,000","$162,100"
179 WESTGROVE WAY,1004707200,TS-TWO STOREY,2017,11,"$166,000","$167,200"
193 WESTGROVE WAY,1005043900,OS-ONE STOREY,2016,9,"$310,500","$320,700"
7 WHITKIRK PL,1004902700,OS-ONE STOREY,2017,11,"$345,000","$347,400"
42 BARBARA CRES,1003107900,OS-ONE STOREY,2017,9,"$328,000","$331,600"
550 BERKLEY ST,1004287000,OS-ONE STOREY,2017,7,"$479,000","$486,200"
561 BERKLEY ST,1004115700,OS-ONE STOREY,2017,3,"$350,000","$357,700"
565 BERKLEY ST,1004114500,OS-ONE STOREY,2016,12,"$372,000","$382,000"
566 BERKLEY ST,1004287800,OH-ONE & 1/2 STOREY,2017,10,"$280,000","$282,500"
616 BERKLEY ST,1004291500,OS-ONE STOREY,2017,9,"$435,000","$439,800"
659 BERKLEY ST,1004097100,OS-ONE STOREY,2016,10,"$245,000","$252,600"
705 BERKLEY ST,1004085000,OS-ONE STOREY,2016,2,"$280,000","$292,900"
718 BERKLEY ST,1004262700,OS-ONE STOREY,2017,9,"$319,900","$323,400"
747 BERKLEY ST,1004079000,OS-ONE STOREY,2017,9,"$511,000","$516,600"
754 BERKLEY ST,1004265600,OS-ONE STOREY,2017,5,"$312,000","$317,600"
771 BERKLEY ST,1004077200,OS-ONE STOREY,2016,3,"$452,500","$472,400"
777 BERKLEY ST,1004077100,OS-ONE STOREY,2017,5,"$345,750","$352,000"
780 BERKLEY ST,1004248100,OH-ONE & 1/2 STOREY,2017,10,"$268,000","$270,400"
790 BERKLEY ST,1004248300,BL-BI-LEVEL,2017,9,"$295,000","$298,200"
802 BERKLEY ST,1004248900,OS-ONE STOREY,2016,6,"$295,000","$306,500"
5571 BETSWORTH AVE,1003567600,OS-ONE STOREY,2017,10,"$340,000","$343,100"
5649 BETSWORTH AVE,1003748500,OS-ONE STOREY,2017,8,"$435,000","$440,700"
5656 BETSWORTH AVE,1003730100,OS-ONE STOREY,2016,5,"$280,000","$291,200"
5661 BETSWORTH AVE,1003749000,OS-ONE STOREY,2017,3,"$370,000","$378,100"
5889 BETSWORTH AVE,1004042200,OS-ONE STOREY,2017,8,"$335,000","$339,400"
6012 BETSWORTH AVE,1004086800,OS-ONE STOREY,2016,8,"$325,000","$336,400"
6141 BETSWORTH AVE,1004273900,OS-ONE STOREY,2016,7,"$375,000","$388,900"
6337 BETSWORTH AVE,1004667200,TS-TWO STOREY,2016,8,"$322,000","$333,300"
6352 BETSWORTH AVE,1004436400,OS-ONE STOREY,2017,8,"$282,500","$286,200"
6373 BETSWORTH AVE,1004201600,OS-ONE STOREY,2017,9,"$290,000","$293,200"
6485 BETSWORTH AVE,1004201000,BL-BI-LEVEL,2016,8,"$277,000","$286,700"
47 BUCKLE DR,1004638500,OS-ONE STOREY,2017,6,"$349,900","$355,500"
58 BUCKLE DR,1004624700,OS-ONE STOREY,2016,4,"$327,500","$341,300"
70 BUCKLE DR,1004624000,OS-ONE STOREY,2017,7,"$353,000","$358,300"
75 BUCKLE DR,1004640300,OS-ONE STOREY,2016,8,"$250,000","$258,800"
75 BUCKLE DR,1004640300,OS-ONE STOREY,2017,4,"$318,000","$324,400"
22 CADIZ BAY,1004628700,OS-ONE STOREY,2017,3,"$324,000","$331,100"
54 CADIZ BAY,1004626700,OS-ONE STOREY,2017,12,"$379,900","$381,800"
3 CARBUTT PL,1003736700,FL-4 LEVEL SPLIT,2017,5,"$365,000","$371,600"
27 CARBUTT PL,1003735500,OS-ONE STOREY,2017,9,"$433,000","$437,800"
30 CARLOS LANE,1004645500,TS-TWO STOREY,2017,3,"$378,900","$387,200"
63 CARLOS LANE,1004649000,OS-ONE STOREY,2017,3,"$270,600","$276,600"
71 CARLOS LANE,1004649500,OS-ONE STOREY,2016,1,"$251,000","$263,000"
18 CARLOTTA CRES,1004308800,OS-ONE STOREY,2018,1,"$327,000","$328,300"
21 CARLOTTA CRES,1004516900,TS-TWO STOREY,2016,10,"$395,000","$407,200"
114 CARLOTTA CRES,1004651000,OS-ONE STOREY,2016,9,"$340,000","$351,200"
201 CARLOTTA CRES,1004204000,FL-4 LEVEL SPLIT,2017,8,"$415,000","$420,400"
521 CHARLESWOOD RD,1004281900,FL-4 LEVEL SPLIT,2016,4,"$355,000","$369,900"
521 CHARLESWOOD RD,1004281900,FL-4 LEVEL SPLIT,2018,2,"$340,000","$340,700"
594 CHARLESWOOD RD,1004652300,OS-ONE STOREY,2017,6,"$325,000","$330,200"
626 CHARLESWOOD RD,1004462400,OS-ONE STOREY,2017,5,"$397,500","$404,700"
750 CHARLESWOOD RD,1004447400,OS-ONE STOREY,2016,7,"$375,000","$388,900"
752 CHARLESWOOD RD,1004447100,OS-ONE STOREY,2016,3,"$410,000","$428,000"
767 CHARLESWOOD RD,1004250000,OS-ONE STOREY,2017,6,"$325,000","$330,200"
10 CIVIC ST,1003971000,TS-TWO STOREY,2016,7,"$454,000","$470,800"
546 COMMUNITY ROW,1003665500,OS-ONE STOREY,2018,3,"$310,000","$310,000"
551 COMMUNITY ROW,1003695500,TS-TWO STOREY,2016,11,"$365,000","$375,600"
586 COMMUNITY ROW,1003670000,OS-ONE STOREY,2018,1,"$395,000","$396,600"
637 COMMUNITY ROW,1003687800,OS-ONE STOREY,2017,10,"$300,000","$302,700"
680 COMMUNITY ROW,1003701500,OS-ONE STOREY,2016,8,"$350,500","$362,800"
714 COMMUNITY ROW,1003714300,BL-BI-LEVEL,2018,3,"$300,000","$300,000"
734 COMMUNITY ROW,1003713300,OS-ONE STOREY,2016,5,"$270,000","$280,800"
804 COMMUNITY ROW,1004000500,OS-ONE STOREY,2016,9,"$335,000","$346,100"
809 COMMUNITY ROW,1003741700,OS-ONE STOREY,2017,1,"$300,000","$307,800"
870 COMMUNITY ROW,1004028200,OS-ONE STOREY,2017,9,"$278,000","$281,100"
44 DUMORE BAY,1004276500,OS-ONE STOREY,2016,3,"$340,000","$355,000"
6005 FURLAN BLVD,1004150500,OS-ONE STOREY,2016,8,"$280,000","$289,800"
6012 FURLAN BLVD,1004144500,OS-ONE STOREY,2017,10,"$326,500","$329,400"
381 GLENBUSH ST,1009600795,OS-ONE STOREY,2017,7,"$519,047.60","$526,800"
23 HADDINGTON BAY,1003620400,TS-TWO STOREY,2016,7,"$522,000","$541,300"
23 HUNTERSPOINT RD,1003917000,TS-TWO STOREY,2017,7,"$415,000","$421,200"
31 HUNTERSPOINT RD,1003916600,TS-TWO STOREY,2017,10,"$434,000","$437,900"
47 HUNTERSPOINT RD,1003915800,TS-TWO STOREY,2017,10,"$430,000","$433,900"
59 HUNTERSPOINT RD,1003915200,TS-TWO STOREY,2017,5,"$460,000","$468,300"
115 HUNTERSPOINT RD,1003912400,OS-ONE STOREY,2016,2,"$421,000","$440,400"
123 HUNTERSPOINT RD,1003912000,TO-TWO/ONE STOREY,2017,7,"$418,500","$424,800"
23 INVERARY BAY,1003622400,TS-TWO STOREY,2018,3,"$615,000","$615,000"
78 MALONE ST,1004632700,TS-TWO STOREY,2016,12,"$420,200","$431,500"
90 MATLOCK CRES,1003548200,TO-TWO/ONE STOREY,2016,4,"$525,000","$547,100"
110 MATLOCK CRES,1003547200,TS-TWO STOREY,2016,7,"$488,000","$506,100"
23 MOORSTEAD BAY,1003613600,TS-TWO STOREY,2016,10,"$485,000","$500,000"
622 MUNICIPAL RD,1004098700,OS-ONE STOREY,2016,6,"$309,000","$321,100"
652 MUNICIPAL RD,1004098300,OS-ONE STOREY,2016,7,"$355,000","$368,100"
709 MUNICIPAL RD,1003959000,OS-ONE STOREY,2017,7,"$290,000","$294,400"
739 MUNICIPAL RD,1003962100,OS-ONE STOREY,2016,3,"$259,900","$271,300"
743 MUNICIPAL RD,1003961900,OS-ONE STOREY,2017,11,"$375,000","$377,600"
788 MUNICIPAL RD,1004072700,BL-BI-LEVEL,2016,11,"$315,000","$324,100"
35 NORLORNE DR,1003110900,OS-ONE STOREY,2017,10,"$320,000","$322,900"
50 NORLORNE DR,1003103100,OS-ONE STOREY,2016,8,"$296,500","$306,900"
58 NORLORNE DR,1003102500,OS-ONE STOREY,2018,1,"$305,000","$306,200"
91 NORLORNE DR,1003113300,FL-4 LEVEL SPLIT,2017,10,"$367,200","$370,500"
154 NORLORNE DR,1003098000,FL-4 LEVEL SPLIT,2016,10,"$379,000","$390,700"
5422 RANNOCK AVE,1003554500,OH-ONE & 1/2 STOREY,2017,7,"$292,900","$297,300"
5545 RANNOCK AVE,1003614900,TO-TWO/ONE STOREY,2017,6,"$418,500","$425,200"
5636 RANNOCK AVE,1003743500,OS-ONE STOREY,2017,9,"$315,500","$319,000"
5817 RANNOCK AVE,1003994000,TS-TWO STOREY,2017,4,"$310,000","$316,200"
5921 RANNOCK AVE,1003988500,OS-ONE STOREY,2016,12,"$313,500","$322,000"
6018 RANNOCK AVE,1004002600,BL-BI-LEVEL,2017,5,"$306,000","$311,500"
5906 ROBLIN BLVD,1003937800,OS-ONE STOREY,2017,3,"$400,000","$408,800"
14 SAVILE AVE,1003577800,OS-ONE STOREY,2017,5,"$328,000","$333,900"
18 SAVILE AVE,1003577600,OS-ONE STOREY,2016,6,"$322,000","$334,600"
27 SAVILE AVE,1003579800,OS-ONE STOREY,2017,11,"$338,000","$340,400"
14 SAVOY CRES,1003568400,OS-ONE STOREY,2017,3,"$275,000","$281,100"
229 SCOTSWOOD DR S,1003601100,OS-ONE STOREY,2016,8,"$400,000","$414,000"
373 SCOTSWOOD DR S,1009600675,TS-TWO STOREY,2017,1,"$598,256.50","$613,800"
409 SCOTSWOOD DR S,1009600720,TS-TWO STOREY,2017,8,"$635,714.20","$644,000"
413 SCOTSWOOD DR S,1009600725,TS-TWO STOREY,2017,9,"$609,523.80","$616,200"
23 SCOTSWOOD DR,1003585200,TS-TWO STOREY,2016,7,"$415,000","$430,400"
47 SCOTSWOOD DR,1003586400,TS-TWO STOREY,2016,7,"$338,000","$350,500"
30 SHELDRAKE COVE,1004448200,TS-TWO STOREY,2017,10,"$555,000","$560,000"
5 SPARROW RD,1004504400,TS-TWO STOREY,2017,4,"$233,500","$238,200"
21 SPARROW RD,1004503400,OS-ONE STOREY,2017,8,"$235,000","$238,100"
51 SPARROW RD,1004501400,BL-BI-LEVEL,2017,5,"$243,000","$247,400"
12 THE BRIDLE PATH,1003658500,OS-ONE STOREY,2017,11,"$420,000","$422,900"
35 THE BRIDLE PATH,1003921600,TS-TWO STOREY,2017,8,"$368,000","$372,800"
79 THE BRIDLE PATH,1003919400,TS-TWO STOREY,2018,1,"$405,000","$406,600"
95 THE BRIDLE PATH,1003918600,TS-TWO STOREY,2017,8,"$415,625","$421,000"
114 THE BRIDLE PATH,1003926200,TS-TWO STOREY,2017,7,"$375,000","$380,600"
130 THE BRIDLE PATH,1003925400,TS-TWO STOREY,2017,4,"$420,000","$428,400"
135 THE BRIDLE PATH,1003917800,TS-TWO STOREY,2016,2,"$310,000","$324,300"
23 VANCE PL,1003552600,TS-TWO STOREY,2016,9,"$482,500","$498,400"
30 APEX ST,1001586500,FL-4 LEVEL SPLIT,2017,2,"$450,000","$460,800"
39 APEX ST,1001588100,TS-TWO STOREY,2017,12,"$439,000","$441,200"
58 APEX ST,1001620200,TS-TWO STOREY,2016,7,"$370,000","$383,700"
6 ASCOT BAY,1001567200,FL-4 LEVEL SPLIT,2017,9,"$382,500","$386,700"
26 ASCOT BAY,1001568200,TL-3 LEVEL SPLIT,2016,7,"$335,000","$347,400"
6 AVRIL LANE,1001794800,FL-4 LEVEL SPLIT,2016,2,"$378,500","$395,900"
7 AVRIL LANE,1001795400,FL-4 LEVEL SPLIT,2016,5,"$425,000","$442,000"
18 AVRIL LANE,1001794200,OS-ONE STOREY,2017,8,"$415,000","$420,400"
71 AVRIL LANE,1001789000,FL-4 LEVEL SPLIT,2016,10,"$347,000","$357,800"
83 AVRIL LANE,1001788400,TS-TWO STOREY,2016,10,"$529,000","$545,400"
107 AVRIL LANE,1001787300,TS-TWO STOREY,2016,8,"$510,000","$527,900"
3491 BEIKO AVE,1001230000,OS-ONE STOREY,2016,10,"$390,000","$402,100"
3549 BEIKO AVE,1001490200,TO-TWO/ONE STOREY,2017,9,"$390,000","$394,300"
31 BRITTANY DR,1005886300,OS-ONE STOREY,2016,4,"$570,000","$593,900"
34 BRITTANY DR,1005886800,TS-TWO STOREY,2016,9,"$572,500","$591,400"
35 BRITTANY DR,1005886200,TS-TWO STOREY,2016,8,"$620,000","$641,700"
67 BRITTANY DR,1001213000,TS-TWO STOREY,2017,7,"$475,000","$482,100"
87 BRITTANY DR,1001214000,TS-TWO STOREY,2016,9,"$480,000","$495,800"
103 BRITTANY DR,1001214800,OS-ONE STOREY,2016,4,"$409,900","$427,100"
152 BRITTANY DR,1005887000,TS-TWO STOREY,2017,8,"$510,000","$516,600"
621 CATHCART ST,1000840100,BL-BI-LEVEL,2017,7,"$298,000","$302,500"
625 CATHCART ST,1000837000,OS-ONE STOREY,2017,2,"$295,000","$302,100"
663 CATHCART ST,1000833100,OS-ONE STOREY,2016,10,"$355,500","$366,500"
667 CATHCART ST,1000833300,BL-BI-LEVEL,2017,1,"$319,900","$328,200"
700 CATHCART ST,1001159200,TL-3 LEVEL SPLIT,2017,7,"$320,000","$324,800"
784 CATHCART ST,1001150100,OH-ONE & 1/2 STOREY,2017,4,"$430,000","$438,600"
836 CATHCART ST,1001141900,TS-TWO STOREY,2017,7,"$390,000","$395,900"
841 CATHCART ST,1000627200,OS-ONE STOREY,2016,9,"$348,000","$359,500"
3 CATHURST PL,1001581400,OS-ONE STOREY,2016,2,"$385,000","$402,700"
509 CHALFONT RD,1000605900,TO-TWO/ONE STOREY,2016,9,"$430,000","$444,200"
577 CHALFONT RD,1000593600,OS-ONE STOREY,2016,2,"$314,900","$329,400"
108 COOPMAN CRES,1001122000,TS-TWO STOREY,2016,4,"$420,000","$437,600"
3459 ELDRIDGE AVE,1000668700,OS-ONE STOREY,2017,8,"$375,000","$379,900"
3470 ELDRIDGE AVE,1000825900,OS-ONE STOREY,2017,12,"$205,000","$206,000"
3483 ELDRIDGE AVE,1000827100,TS-TWO STOREY,2017,9,"$243,000","$245,700"
3489 ELDRIDGE AVE,1000826700,OS-ONE STOREY,2017,8,"$255,000","$258,300"
3491 ELDRIDGE AVE,1000826500,OS-ONE STOREY,2016,5,"$230,600","$239,800"
3555 ELDRIDGE AVE,1001091700,OS-ONE STOREY,2017,7,"$349,000","$354,200"
3620 ELDRIDGE AVE,1001479500,FL-4 LEVEL SPLIT,2017,10,"$370,000","$373,300"
555 ELMHURST RD,1001178600,BL-BI-LEVEL,2017,11,"$250,000","$251,800"
581 ELMHURST RD,1001173000,OS-ONE STOREY,2016,5,"$321,000","$333,800"
585 ELMHURST RD,1001172500,OS-ONE STOREY,2017,5,"$400,000","$407,200"
614 ELMHURST RD,1001095000,OS-ONE STOREY,2016,3,"$257,000","$268,300"
691 ELMHURST RD,1001162500,OH-ONE & 1/2 STOREY,2017,7,"$345,000","$350,200"
829 ELMHURST RD,1001151400,OS-ONE STOREY,2016,4,"$420,000","$437,600"
852 ELMHURST RD,1001073100,OS-ONE STOREY,2016,4,"$299,900","$312,500"
14 ELMRIDGE COVE,1000910100,TO-TWO/ONE STOREY,2016,7,"$429,000","$444,900"
7 EPSOM CRES,1001577400,OS-ONE STOREY,2017,9,"$350,100","$354,000"
11 EPSOM CRES,1001577600,OS-ONE STOREY,2018,3,"$267,500","$267,500"
18 EPSOM CRES,1001575200,BL-BI-LEVEL,2016,3,"$340,000","$355,000"
23 EPSOM CRES,1001578200,OS-ONE STOREY,2016,8,"$284,500","$294,500"
30 EPSOM CRES,1001575800,OS-ONE STOREY,2017,6,"$390,000","$396,200"
50 EPSOM CRES,1001576800,TL-3 LEVEL SPLIT,2018,3,"$273,000","$273,000"
72 EPSOM PL,1001800400,FL-4 LEVEL SPLIT,2017,7,"$355,000","$360,300"
76 EPSOM PL,1001800600,OS-ONE STOREY,2017,7,"$350,000","$355,300"
82 EPSOM CRES,1001798600,TS-TWO STOREY,2016,7,"$385,000","$399,200"
92 EPSOM PL,1001801400,OS-ONE STOREY,2016,11,"$379,900","$390,900"
8 EVESHAM KEY,1001634000,FL-4 LEVEL SPLIT,2016,7,"$350,000","$363,000"
24 EVESHAM KEY,1001634800,TS-TWO STOREY,2017,4,"$355,000","$362,100"
56 EVESHAM KEY,1001636400,TS-TWO STOREY,2017,1,"$370,000","$379,600"
16 GNAPP COVE,1001241200,TS-TWO STOREY,2016,8,"$525,000","$543,400"
715 HANEY ST,1005921400,OH-ONE & 1/2 STOREY,2017,7,"$359,900","$365,300"
744 HANEY ST,1002189100,OS-ONE STOREY,2016,4,"$285,000","$297,000"
761 HANEY ST,1001604400,TS-TWO STOREY,2016,9,"$472,500","$488,100"
848 HANEY ST,1005924000,TS-TWO STOREY,2018,2,"$680,000","$681,400"
15 HOOKWAY CRES,1001592600,BL-BI-LEVEL,2016,7,"$421,000","$436,600"
20 HOOKWAY CRES,1001597400,OS-ONE STOREY,2017,9,"$395,000","$399,300"
35 HOOKWAY CRES,1001603300,TS-TWO STOREY,2016,7,"$585,000","$606,600"
35 HOOKWAY CRES,1001603300,TS-TWO STOREY,2017,10,"$640,000","$645,800"
19 HUDDERSFIELD PL,1001824800,OS-ONE STOREY,2016,6,"$450,000","$467,600"
19 HUDDERSFIELD PL,1001824800,OS-ONE STOREY,2018,1,"$468,000","$469,900"
34 HUDDERSFIELD PL,1001823800,TS-TWO STOREY,2016,3,"$473,000","$493,800"
641 LAXDAL RD,1001521000,OS-ONE STOREY,2016,10,"$225,000","$232,000"
641 LAXDAL RD,1001521000,OS-ONE STOREY,2017,5,"$353,850","$360,200"
664 LAXDAL RD,1001567000,BL-BI-LEVEL,2017,8,"$305,000","$309,000"
733 LAXDAL RD,1001511100,OS-ONE STOREY,2017,10,"$335,000","$338,000"
757 LAXDAL RD,1001510100,TL-3 LEVEL SPLIT,2018,2,"$295,000","$295,600"
810 LAXDAL RD,1001490800,OS-ONE STOREY,2017,11,"$419,900","$422,800"
818 LAXDAL RD,1001495700,TL-3 LEVEL SPLIT,2017,9,"$352,000","$355,900"
864 LAXDAL RD,1001372800,TL-3 LEVEL SPLIT,2017,6,"$324,900","$330,100"
884 LAXDAL RD,1001371300,OS-ONE STOREY,2017,10,"$290,000","$292,600"
889 LAXDAL RD,1001373400,TS-TWO STOREY,2016,7,"$372,000","$385,800"
59 MAYFIELD CRES,1001474000,TS-TWO STOREY,2017,7,"$450,000","$456,800"
131 MAYFIELD CRES,1001273800,TO-TWO/ONE STOREY,2016,7,"$426,500","$442,300"
3 MILAN ST,1001730300,TS-TWO STOREY,2016,8,"$400,000","$414,000"
7 OSWALD BAY,1001736400,OS-ONE STOREY,2016,5,"$385,000","$400,400"
161 OVERWATER COVE,1001773000,TS-TWO STOREY,2017,2,"$650,000","$665,600"
2 PINAWA DR,1001629400,OS-ONE STOREY,2017,11,"$254,000","$255,800"
2 PINAWA DR,1001629400,OS-ONE STOREY,2018,3,"$379,000","$379,000"
6 PINAWA DR,1001629200,BL-BI-LEVEL,2016,6,"$338,000","$351,200"
38 STONEHAVEN CLOSE,1000602300,TS-TWO STOREY,2016,7,"$555,000","$575,500"
50 STONEHAVEN CLOSE,1000601400,TS-TWO STOREY,2016,3,"$425,500","$444,200"
16 TURCOTTE COVE,1001507300,TS-TWO STOREY,2016,7,"$647,500","$671,500"
28 TURCOTTE COVE,1001242600,TS-TWO STOREY,2017,7,"$750,000","$761,300"
31 WHITETAIL DR,1000658100,TL-3 LEVEL SPLIT,2017,7,"$362,000","$367,400"
47 WHITETAIL DR,1000659300,TO-TWO/ONE STOREY,2017,4,"$420,000","$428,400"
47 WHITETAIL DR,1000659300,TO-TWO/ONE STOREY,2018,2,"$439,000","$439,900"
54 WHITETAIL DR,1000660800,OS-ONE STOREY,2017,9,"$355,000","$358,900"
34 WOODCHESTER BAY,1000686500,OS-ONE STOREY,2016,6,"$285,000","$296,100"
63 WOODCHESTER BAY,1000684100,FL-4 LEVEL SPLIT,2017,2,"$360,000","$368,600"
123 WOODCHESTER BAY,1000682600,BL-BI-LEVEL,2016,6,"$289,900","$301,200"
130 WOODCHESTER BAY,1000687200,FL-4 LEVEL SPLIT,2016,8,"$359,000","$371,600"
131 WOODCHESTER BAY,1000682400,OS-ONE STOREY,2017,6,"$350,000","$355,600"
3 WOODFIELD BAY,1000671200,FL-4 LEVEL SPLIT,2016,12,"$355,000","$364,600"
18 WOODFIELD BAY,1000681100,FL-4 LEVEL SPLIT,2016,3,"$346,000","$361,200"
63 WOODFIELD BAY,1000673000,BL-BI-LEVEL,2017,10,"$265,000","$267,400"
83 WOODFIELD BAY,1000674100,OS-ONE STOREY,2017,9,"$325,000","$328,600"
99 WOODFIELD BAY,1000674900,OS-ONE STOREY,2017,12,"$320,000","$321,600"
115 WOODFIELD BAY,1000675700,OS-ONE STOREY,2017,6,"$295,000","$299,700"
147 WOODFIELD BAY,1000677300,TS-TWO STOREY,2017,9,"$370,000","$374,100"
159 WOODFIELD BAY,1000678300,OS-ONE STOREY,2016,9,"$323,000","$333,700"
163 WOODFIELD BAY,1000678100,TS-TWO STOREY,2017,9,"$405,000","$409,500"
51 WOODVIEW BAY,1000690100,FL-4 LEVEL SPLIT,2017,7,"$369,000","$374,500"
55 WOODVIEW BAY,1000690000,OS-ONE STOREY,2016,11,"$366,500","$377,100"
59 WOODVIEW BAY,1000689900,FL-4 LEVEL SPLIT,2017,10,"$373,000","$376,400"
75 WOODVIEW BAY,1000689500,FL-4 LEVEL SPLIT,2017,9,"$370,000","$374,100"
103 WOODVIEW BAY,1000688800,FL-4 LEVEL SPLIT,2017,9,"$412,000","$416,500"
2 CAMIRA WAY,1009601640,OS-ONE STOREY,2016,10,"$564,258.10","$581,800"
6 CAMIRA WAY,1009601645,TS-TWO STOREY,2017,8,"$656,571.40","$665,100"
18 CAMIRA WAY,1009601660,OS-ONE STOREY,2017,9,"$814,000","$823,000"
22 CAMIRA WAY,1009601665,OS-ONE STOREY,2017,4,"$832,505.70","$849,200"
972 CHARLESWOOD RD,1004473800,OS-ONE STOREY,2016,9,"$475,000","$490,700"
976 CHARLESWOOD RD,1004473600,OS-ONE STOREY,2017,9,"$478,000","$483,300"
1000 CHARLESWOOD RD,1004472400,TS-TWO STOREY,2017,7,"$510,000","$517,700"
2 HOFSTED DR,1009601410,TS-TWO STOREY,2017,8,"$410,038.60","$415,400"
6 HOFSTED DR,1009601415,OS-ONE STOREY,2017,10,"$435,000","$438,900"
7 HOFSTED DR,1009601300,TS-TWO STOREY,2017,7,"$398,255.80","$404,200"
10 HOFSTED DR,1009601420,TS-TWO STOREY,2017,6,"$428,075","$434,900"
11 HOFSTED DR,1009601305,OS-ONE STOREY,2017,10,"$406,175","$409,800"
14 HOFSTED DR,1009601425,TS-TWO STOREY,2017,7,"$478,034","$485,200"
15 HOFSTED DR,1009601310,OS-ONE STOREY,2017,7,"$477,316.40","$484,500"
18 HOFSTED DR,1009601430,TS-TWO STOREY,2018,1,"$463,500","$465,400"
22 HOFSTED DR,1009601435,TS-TWO STOREY,2017,9,"$506,760","$512,300"
23 HOFSTED DR,1009601320,TS-TWO STOREY,2017,4,"$416,096.60","$424,400"
26 HOFSTED DR,1009601440,OS-ONE STOREY,2017,3,"$400,705.20","$409,500"
27 HOFSTED DR,1009601325,TS-TWO STOREY,2017,10,"$486,982","$491,400"
30 HOFSTED DR,1009601445,TS-TWO STOREY,2018,1,"$524,727.30","$526,800"
58 HOFSTED DR,1009601750,TS-TWO STOREY,2017,7,"$767,743","$779,300"
4 KELLY PL,1009601090,TS-TWO STOREY,2017,8,"$532,857.10","$539,800"
8 KELLY PL,1009601095,TS-TWO STOREY,2017,6,"$485,619","$493,400"
12 KELLY PL,1009601100,TS-TWO STOREY,2016,12,"$485,619","$498,700"
16 KELLY PL,1009601105,TS-TWO STOREY,2017,2,"$441,840","$452,400"
20 KELLY PL,1009601110,TS-TWO STOREY,2017,6,"$420,612.90","$427,300"
24 KELLY PL,1009601115,TS-TWO STOREY,2016,8,"$424,180.50","$439,000"
28 KELLY PL,1009601120,TS-TWO STOREY,2016,9,"$490,076.50","$506,200"
32 KELLY PL,1009601125,TS-TWO STOREY,2016,7,"$427,280","$443,100"
36 KELLY PL,1009601130,TS-TWO STOREY,2016,9,"$390,978.40","$403,900"
40 KELLY PL,1009601135,TS-TWO STOREY,2017,9,"$471,460","$476,600"
48 KELLY PL,1009601145,TS-TWO STOREY,2016,12,"$454,203.70","$466,500"
52 KELLY PL,1009601150,OS-ONE STOREY,2016,10,"$438,000","$451,600"
56 KELLY PL,1009601155,OS-ONE STOREY,2016,11,"$416,217","$428,300"
60 KELLY PL,1009601160,TS-TWO STOREY,2017,7,"$455,200","$462,000"
2 KOWALSKY CRES,1009601165,TS-TWO STOREY,2016,9,"$450,600.60","$465,500"
3 KOWALSKY CRES,1009601330,TS-TWO STOREY,2017,1,"$392,944.50","$403,200"
6 KOWALSKY CRES,1009601170,TS-TWO STOREY,2016,12,"$373,017","$383,100"
7 KOWALSKY CRES,1009601335,TS-TWO STOREY,2016,8,"$433,735","$448,900"
10 KOWALSKY CRES,1009601175,TS-TWO STOREY,2016,10,"$481,893.20","$496,800"
11 KOWALSKY CRES,1009601340,TS-TWO STOREY,2017,1,"$384,808","$394,800"
14 KOWALSKY CRES,1009601180,TS-TWO STOREY,2016,11,"$398,102.10","$409,600"
15 KOWALSKY CRES,1009601345,TS-TWO STOREY,2016,10,"$425,000","$438,200"
18 KOWALSKY CRES,1009601185,TS-TWO STOREY,2016,12,"$419,546.40","$430,900"
19 KOWALSKY CRES,1009601350,TS-TWO STOREY,2017,2,"$428,828","$439,100"
22 KOWALSKY CRES,1009601190,TS-TWO STOREY,2016,7,"$397,816.40","$412,500"
23 KOWALSKY CRES,1009601355,TS-TWO STOREY,2016,11,"$425,720.10","$438,100"
26 KOWALSKY CRES,1009601195,TS-TWO STOREY,2016,9,"$435,993.10","$450,400"
27 KOWALSKY CRES,1009601360,TS-TWO STOREY,2016,8,"$395,090","$408,900"
30 KOWALSKY CRES,1009601200,TS-TWO STOREY,2017,11,"$483,370","$486,800"
34 KOWALSKY CRES,1009601205,TS-TWO STOREY,2016,12,"$391,294","$401,900"
38 KOWALSKY CRES,1009601210,TS-TWO STOREY,2016,11,"$388,183.40","$399,400"
42 KOWALSKY CRES,1009601215,TS-TWO STOREY,2017,4,"$369,800","$377,200"
46 KOWALSKY CRES,1009601220,TS-TWO STOREY,2016,11,"$395,848.70","$407,300"
50 KOWALSKY CRES,1009601225,OS-ONE STOREY,2017,7,"$362,905","$368,300"
54 KOWALSKY CRES,1009601230,TS-TWO STOREY,2017,1,"$405,687.50","$416,200"
58 KOWALSKY CRES,1009601235,TS-TWO STOREY,2017,2,"$380,111.50","$389,200"
62 KOWALSKY CRES,1009601240,TS-TWO STOREY,2017,6,"$411,038","$417,600"
66 KOWALSKY CRES,1009601245,TS-TWO STOREY,2017,3,"$420,799.60","$430,100"
74 KOWALSKY CRES,1009601255,TS-TWO STOREY,2017,5,"$420,024","$427,600"
78 KOWALSKY CRES,1009601260,TS-TWO STOREY,2017,3,"$432,720.10","$442,200"
82 KOWALSKY CRES,1009601265,TS-TWO STOREY,2017,3,"$488,544.40","$499,300"
86 KOWALSKY CRES,1009601270,TS-TWO STOREY,2017,7,"$457,182","$464,000"
90 KOWALSKY CRES,1009601275,TS-TWO STOREY,2017,10,"$512,560","$517,200"
98 KOWALSKY CRES,1009601285,TS-TWO STOREY,2017,7,"$509,311.60","$517,000"
101 KOWALSKY CRES,1009601365,OS-ONE STOREY,2017,9,"$379,989","$384,200"
102 KOWALSKY CRES,1009601290,TS-TWO STOREY,2017,8,"$421,126","$426,600"
105 KOWALSKY CRES,1009601370,TS-TWO STOREY,2017,3,"$414,850","$424,000"
106 KOWALSKY CRES,1009601295,TS-TWO STOREY,2017,8,"$427,449","$433,000"
109 KOWALSKY CRES,1009601375,TS-TWO STOREY,2017,7,"$427,991.60","$434,400"
113 KOWALSKY CRES,1009601380,TS-TWO STOREY,2017,6,"$445,380.30","$452,500"
117 KOWALSKY CRES,1009601385,TS-TWO STOREY,2017,11,"$431,595","$434,600"
121 KOWALSKY CRES,1009601390,TS-TWO STOREY,2017,6,"$381,117.20","$387,200"
125 KOWALSKY CRES,1009601395,OS-ONE STOREY,2017,5,"$358,150","$364,600"
129 KOWALSKY CRES,1009601400,TS-TWO STOREY,2017,12,"$375,795","$377,700"
133 KOWALSKY CRES,1009601405,TS-TWO STOREY,2017,1,"$379,654.70","$389,500"
3 PEREGRINE PT,1009601635,TS-TWO STOREY,2016,10,"$470,180.50","$484,800"
7 PEREGRINE PT,1009601630,TS-TWO STOREY,2017,4,"$485,830","$495,500"
16 PEREGRINE PT,1009601540,TS-TWO STOREY,2017,5,"$417,068","$424,600"
40 PEREGRINE PT,1009601570,TS-TWO STOREY,2017,5,"$504,066.40","$513,100"
43 PEREGRINE PT,1009601585,TS-TWO STOREY,2018,3,"$654,090.50","$654,100"
8 SINGLETON CRT,1009601455,OS-ONE STOREY,2016,11,"$538,095.20","$553,700"
12 SINGLETON CRT,1009601460,TS-TWO STOREY,2016,12,"$547,619","$562,400"
24 SINGLETON CRT,1009601475,TS-TWO STOREY,2017,7,"$649,268.80","$659,000"
36 SINGLETON CRT,1009601490,TS-TWO STOREY,2016,8,"$524,947.90","$543,300"
52 SINGLETON CRT,1009601510,OS-ONE STOREY,2016,11,"$442,032.80","$454,900"
2 VESPER CRT,1009601015,TS-TWO STOREY,2017,5,"$389,263.20","$396,300"
6 VESPER CRT,1009601020,TS-TWO STOREY,2016,6,"$373,955.50","$388,500"
6 VESPER CRT,1009601020,TS-TWO STOREY,2016,10,"$412,000","$424,800"
10 VESPER CRT,1009601025,BL-BI-LEVEL,2016,12,"$418,423","$429,700"
14 VESPER CRT,1009601030,TS-TWO STOREY,2016,6,"$400,855","$416,500"
18 VESPER CRT,1009601035,TS-TWO STOREY,2016,8,"$374,918.40","$388,000"
22 VESPER CRT,1009601040,TS-TWO STOREY,2017,1,"$489,158.70","$501,900"
26 VESPER CRT,1009601045,TS-TWO STOREY,2017,4,"$426,909.20","$435,400"
30 VESPER CRT,1009601050,TS-TWO STOREY,2016,10,"$406,152.50","$418,700"
34 VESPER CRT,1009601055,TS-TWO STOREY,2016,9,"$411,131.20","$424,700"
34 VESPER CRT,1009601055,TS-TWO STOREY,2017,7,"$430,000","$436,500"
38 VESPER CRT,1009601060,TS-TWO STOREY,2017,5,"$445,675","$453,700"
42 VESPER CRT,1009601065,OS-ONE STOREY,2017,5,"$399,500","$406,700"
46 VESPER CRT,1009601070,TS-TWO STOREY,2016,6,"$391,277","$406,500"
50 VESPER CRT,1009601075,TS-TWO STOREY,2016,9,"$360,601.90","$372,500"
54 VESPER CRT,1009601080,TS-TWO STOREY,2016,11,"$411,600.10","$423,500"
58 VESPER CRT,1009601085,TS-TWO STOREY,2016,12,"$428,852.10","$440,400"
1350 CHARLESWOOD RD,1005909600,TS-TWO STOREY,2016,7,"$665,000","$689,600"
1405 CHARLESWOOD RD,1005901000,TS-TWO STOREY,2017,11,"$582,500","$586,600"
1595 CHARLESWOOD RD,1009600290,OS-ONE STOREY,2016,1,"$680,000","$712,600"
1234 LIBERTY ST,1005922600,O3-ONE & 3/4 STOREY,2017,8,"$535,000","$542,000"
1261 LIBERTY ST,1001351300,OS-ONE STOREY,2017,7,"$460,000","$466,900"
1314 LIBERTY ST,1005924500,TS-TWO STOREY,2017,9,"$830,000","$839,100"
1384 LIBERTY ST,1001542500,OS-ONE STOREY,2016,9,"$1,231,000","$1,271,600"
1363 LOUDOUN RD,1005913700,TS-TWO STOREY,2017,5,"$1,135,000","$1,155,400"
1400 LOUDOUN RD,1005918900,OS-ONE STOREY,2017,4,"$738,500","$753,300"
1526 LOUDOUN RD,1001307300,FL-4 LEVEL SPLIT,2016,2,"$325,000","$340,000"
1835 LOUDOUN RD,1009600635,OS-ONE STOREY,2016,10,"$2,000,000","$2,062,000"
1915 LOUDOUN RD,1000859500,OS-ONE STOREY,2016,8,"$500,000","$517,500"
2022 LOUDOUN RD,1001283300,TS-TWO STOREY,2017,9,"$495,000","$500,400"
1303 MCCREARY RD,10006466400,TS-TWO STOREY,2017,10,"$580,000","$585,200"
1321 MCCREARY RD,10006351700,OH-ONE & 1/2 STOREY,2017,10,"$619,000","$624,600"
1536 MCCREARY RD,1000008500,FL-4 LEVEL SPLIT,2017,3,"$480,000","$490,600"
2000 MCCREARY RD,1009601855,TS-TWO STOREY,2017,12,"$490,000","$492,500"
6130 WILKES AVE,1004401800,OS-ONE STOREY,2017,7,"$500,000","$507,500"
